Country/alp2,Country/name,Country/2010,Country/2011,Country/2012,Country/2013,Country/2014,Country/2015,Country/2016,Country/2017,Country/2018,Country/2019,Country/2020,Country/2021,Country/2022
AF,Afghanistan,4.76,3.83,3.78,3.57,3.13,3.98,4.22,2.66,2.69,2.38,2.56,2.52,2.4
AL,Albania,5.27,5.87,5.51,4.55,4.81,4.61,4.51,4.64,5.00,5.00,5.36,5.12,5.2
DZ,Algeria,5.46,5.32,5.60,,6.35,,5.34,5.25,5.04,4.74,5,4.89,5.12
AO,Angola,,5.59,4.36,3.94,3.79,,,,,,,,
AR,Argentina,6.44,6.78,6.47,6.58,6.67,6.70,6.43,6.04,5.79,6.09,5.90,5.93,5.97
AM,Armenia,4.37,4.26,4.32,4.28,4.45,4.35,4.33,4.29,5.06,5.49,4.67,5.28,5.4
AU,Australia,7.45,7.41,7.20,7.36,7.29,7.31,7.25,7.26,7.18,7.23,7.14,7.18,7.16
AT,Austria,7.30,7.47,7.40,7.50,6.95,7.08,7.05,7.29,7.40,7.20,7.21,7.27,7.16
AZ,Azerbaijan,4.22,4.68,4.91,5.48,5.25,5.15,5.30,5.15,5.17,5.17,,5.17,5.17
BH,Bahrain,5.94,4.82,5.03,6.69,6.17,6.01,6.17,6.23,,7.10,6.17,6.65,6.65
BD,Bangladesh,4.86,4.99,4.72,4.66,4.64,4.63,4.56,4.31,4.50,5.11,5.28,5.02,5.16
BY,Belarus,5.53,5.23,5.75,5.88,5.81,5.72,5.18,5.55,5.23,5.82,5.54,5.53,5.82
BE,Belgium,6.85,7.11,6.94,7.10,6.86,6.90,6.95,6.93,6.89,6.77,6.84,6.83,6.8
BZ,Belize,,,,,5.96,,,,,,,,
BJ,Benin,,3.87,3.19,3.48,3.35,3.62,4.01,4.85,5.82,4.98,4.41,5.05,4.62
BT,Bhutan,,,,5.57,4.94,5.08,,,,,,,
BA,Bosnia and Herzegovina,4.67,4.99,4.77,5.12,5.25,5.12,5.18,5.09,5.89,6.02,5.52,5.81,5.77
BW,Botswana,3.55,3.52,4.84,4.13,4.03,3.76,3.50,3.50,3.46,3.47,3.48,3.47,3.47
BR,Brazil,6.84,7.04,6.66,7.14,6.98,6.55,6.37,6.33,6.19,6.45,6.11,6.33,6.29
BG,Bulgaria,3.91,3.88,4.22,3.99,4.44,4.87,4.84,5.10,5.10,5.11,5.60,5.27,5.37
BF,Burkina Faso,4.04,4.79,3.96,3.33,3.48,4.42,4.21,4.65,4.93,4.74,4.77,4.83,4.67
BI,Burundi,,3.71,,,2.90,,,,3.78,,,3.78,
KH,Cambodia,4.14,4.16,3.90,3.67,3.88,4.16,4.46,4.59,5.12,5.00,4.38,4.83,4.64
CM,Cameroon,4.55,4.43,4.24,4.27,4.24,5.04,4.82,5.07,5.25,4.94,5.24,5.14,5.05
CA,Canada,7.65,7.43,7.42,7.59,7.30,7.41,7.24,7.41,7.18,7.11,7.02,7.1,7.03
CF,Central African Republic,3.57,3.68,,,,,2.69,3.48,,,,,
TD,Chad,3.74,4.39,4.03,3.51,3.46,4.32,4.03,4.56,4.49,4.25,4.42,4.36,4.25
CL,Chile,6.64,6.53,6.60,6.74,6.84,6.53,6.58,6.32,6.44,5.94,6.15,6.17,6.17
CN,China,4.65,5.04,5.09,5.24,5.20,5.30,5.32,5.10,5.13,5.14,5.77,5.34,5.59
CO,Colombia,6.41,6.46,6.37,6.61,6.45,6.39,6.23,6.16,5.98,6.35,5.71,6.01,5.78
KM,Comoros,3.81,3.84,3.96,,,,,,3.97,4.61,4.29,4.29,4.61
CR,Costa Rica,7.27,7.23,7.27,7.16,7.25,6.85,7.14,7.23,7.14,7.00,7.12,7.07,6.58
HR,Croatia,5.60,5.39,6.03,5.89,5.38,5.21,5.42,5.34,5.54,5.63,6.51,5.88,6.13
CY,Cyprus,6.39,6.69,6.18,5.44,5.63,5.44,5.79,6.06,6.28,6.14,6.26,6.22,6.22
CZ,Czech Republic,6.25,6.33,6.33,6.70,6.48,6.61,6.74,6.79,7.03,,6.90,6.96,6.92
DK,Denmark,7.77,7.79,7.52,7.59,7.51,7.51,7.56,7.59,7.65,7.69,7.51,7.62,7.64
DJ,Djibouti,5.01,4.37,,,,,,,,,,,
DO,Dominican Republic,4.74,5.40,4.75,5.02,5.39,5.06,5.24,5.61,5.43,6.00,5.17,5.55,5.74
EC,Ecuador,5.84,5.80,5.96,6.02,5.95,5.96,6.12,5.84,6.13,5.81,5.35,5.76,5.53
EG,Egypt,4.67,4.17,4.20,3.56,4.89,4.76,4.56,3.93,4.01,4.33,4.47,4.28,4.29
SV,El Salvador,6.74,4.74,5.93,6.33,5.86,6.02,6.14,6.34,6.24,6.45,5.46,6.06,6.12
EE,Estonia,,5.49,5.36,5.37,5.56,5.63,5.65,5.94,6.09,6.03,6.45,6.19,6.34
ET,Ethiopia,,,4.56,4.44,4.51,4.57,4.30,4.18,4.38,4.10,4.55,4.27,4.24
FI,Finland,7.39,7.35,7.42,7.44,7.38,7.45,7.66,7.79,7.86,7.78,7.89,7.84,7.82
FR,France,6.80,6.96,6.65,6.67,6.47,6.36,6.48,6.64,6.67,6.69,6.71,6.69,6.69
GA,Gabon,,4.26,3.97,3.80,3.92,4.66,4.83,4.78,4.78,4.91,4.83,4.85,4.96
GM,Gambia,,,,,,,,4.12,4.92,5.16,4.75,5.05,5.16
GE,Georgia,4.10,4.20,4.25,4.35,4.29,4.12,4.45,4.45,4.66,4.89,5.12,4.89,4.97
DE,Germany,6.72,6.62,6.70,6.97,6.98,7.04,6.87,7.07,7.12,7.04,7.31,7.15,7.03
GH,Ghana,4.61,5.61,5.06,4.97,3.86,3.99,4.51,5.48,5.00,4.97,5.32,5.09,4.87
GR,Greece,5.84,5.37,5.10,4.72,4.76,5.62,5.30,5.15,5.41,5.95,5.79,5.72,5.95
GT,Guatemala,6.29,5.74,5.86,5.98,6.54,6.46,6.36,6.33,6.63,6.26,6.4,6.43,6.26
GN,Guinea,,4.04,3.65,3.90,3.41,3.50,3.60,4.87,5.25,4.77,4.95,4.98,4.89
HT,Haiti,3.77,4.84,4.41,4.62,3.89,3.57,3.35,3.82,3.61,,,3.61,
HN,Honduras,5.87,4.96,4.60,4.71,5.06,4.85,5.65,6.02,5.91,5.93,5.95,5.92,6.02
HK,Hong Kong S.A.R. of China,5.64,5.47,5.48,,5.46,,5.50,5.36,,5.66,5.30,5.48,5.42
HU,Hungary,4.73,4.92,4.68,4.91,5.18,5.34,5.45,6.07,5.94,6.00,6.04,5.99,6.09
IS,Iceland,,,7.59,7.50,,7.50,7.51,7.48,,7.53,7.58,7.55,7.56
IN,India,4.99,4.63,4.72,4.43,4.42,4.34,4.18,4.05,3.82,3.25,4.23,3.82,3.78
ID,Indonesia,5.46,5.17,5.37,5.29,5.60,5.04,5.14,5.10,5.34,5.35,5.29,5.34,5.24
IR,Iran,,4.77,4.61,5.14,4.68,4.75,4.65,4.72,4.28,5.01,4.86,4.72,4.89
IQ,Iraq,5.07,4.73,4.66,4.73,4.54,4.49,4.41,4.46,4.89,,4.79,4.85,4.94
IE,Ireland,7.26,7.01,6.96,6.76,7.02,6.83,7.04,7.06,6.96,7.25,7.03,7.09,7.04
IL,Israel,7.36,7.43,7.11,7.32,7.40,7.08,7.16,7.33,6.93,7.33,7.19,7.16,7.36
IT,Italy,6.35,6.06,5.84,6.01,6.03,5.85,5.95,6.20,6.52,6.45,6.49,6.48,6.47
JM,Jamaica,,5.37,,5.71,5.31,,,5.89,,6.31,5.89,6.31,5.85
JP,Japan,6.06,6.26,5.97,5.96,5.92,5.88,5.95,5.91,5.79,5.91,6.12,5.94,6.04
JO,Jordan,5.57,5.54,5.13,5.17,5.33,5.40,5.27,4.81,4.64,4.45,4.09,4.39,4.15
KZ,Kazakhstan,5.51,5.74,5.76,5.84,5.97,5.95,5.53,5.88,6.01,6.27,6.17,6.15,6.23
KE,Kenya,4.26,4.41,4.55,3.80,4.90,4.36,4.40,4.48,4.66,4.62,4.55,4.61,4.54
KW,Kuwait,6.80,6.38,6.22,6.48,6.18,6.15,5.95,6.09,,6.11,6.1,6.11,6.11
KG,Kyrgyzstan,5.00,4.92,5.21,5.40,5.25,4.91,4.86,5.63,5.30,5.69,6.25,5.74,5.83
LV,Latvia,,4.97,5.13,5.07,5.73,5.88,5.94,5.98,5.90,5.97,6.23,6.03,6.18
LB,Lebanon,5.03,5.19,4.57,4.98,5.23,5.17,5.27,5.15,5.17,4.02,4.77,4.58,2.96
LS,Lesotho,,4.90,,,,,3.81,3.80,,3.51,3.65,3.51,3.51
LR,Liberia,4.20,,,,4.57,2.70,3.35,4.42,4.13,5.12,4.56,4.63,5.12
LT,Lithuania,5.07,5.43,5.77,5.60,6.13,5.71,5.87,6.27,6.31,6.06,6.39,6.26,6.45
LU,Luxembourg,7.10,7.10,6.96,7.13,6.89,6.70,6.97,7.06,7.24,7.40,7.24,7.32,7.4
MG,Madagascar,,4.38,3.55,3.82,3.68,3.59,3.66,4.08,4.07,4.34,4.17,4.21,4.34
MW,Malawi,,3.95,4.28,4.04,4.56,3.87,3.48,3.42,3.33,3.87,3.54,3.6,3.75
MY,Malaysia,5.58,5.79,5.91,5.77,5.96,6.32,,,5.34,5.43,5.38,5.38,5.71
MV,Maldives,,,,,,,,,5.20,,,5.2,
ML,Mali,3.76,4.67,4.31,3.68,3.97,4.58,4.02,4.74,4.42,4.99,4.73,4.72,4.48
MT,Malta,5.77,6.15,5.96,6.38,6.45,6.61,6.59,6.68,6.91,6.73,6.16,6.6,6.45
MR,Mauritania,4.77,4.78,4.67,4.20,4.48,3.92,4.47,4.68,4.31,4.15,4.37,4.23,4.15
MU,Mauritius,,5.48,,,5.65,,5.61,6.17,5.88,6.24,6.02,6.05,6.07
MX,Mexico,6.80,6.91,7.32,7.44,6.68,6.24,6.82,6.41,6.55,6.43,5.96,6.32,6.13
MD,Moldova,5.59,5.79,6.00,5.76,5.92,6.02,5.58,5.33,5.68,5.80,5.81,5.77,5.86
MN,Mongolia,4.59,5.03,4.89,4.91,4.82,4.98,5.06,5.33,5.46,5.56,6.01,5.68,5.76
ME,Montenegro,5.46,5.22,5.22,5.07,5.28,5.12,5.30,5.61,5.65,5.39,5.72,5.58,5.55
MA,Morocco,4.38,5.08,4.97,5.14,,5.16,5.39,5.31,4.90,5.06,4.80,4.92,5.06
MZ,Mozambique,,4.97,,,,4.55,,4.28,4.65,4.93,4.62,4.79,5.05
NA,Namibia,,,,,4.57,,,4.44,4.83,4.44,4.45,4.57,4.46
NP,Nepal,4.35,3.81,4.23,4.60,4.98,4.81,5.10,4.74,4.91,5.45,5.14,5.27,5.38
NL,Netherlands,7.50,7.56,7.47,7.41,7.32,7.32,7.54,7.46,7.46,7.43,7.50,7.46,7.41
NZ,New Zealand,7.22,7.19,7.25,7.28,7.31,7.42,7.23,7.33,7.37,7.21,7.26,7.28,7.2
NI,Nicaragua,5.69,5.39,5.45,5.77,6.28,5.92,6.01,6.48,5.82,6.11,6.14,5.97,6.16
NE,Niger,4.10,4.56,3.80,3.72,4.18,3.67,4.23,4.62,5.16,5.00,4.91,5.07,5
NG,Nigeria,4.76,,5.49,4.82,,4.93,5.22,5.32,5.25,4.36,5.50,4.76,4.55
MK,North Macedonia,4.18,4.90,4.64,5.19,5.20,4.98,5.35,5.23,5.24,5.02,5.05,5.1,5.2
NO,Norway,,,7.68,,7.44,7.60,7.60,7.58,7.44,7.44,7.29,7.39,7.37
OM,Oman,,6.85,,,,,,,,,,,
PK,Pakistan,5.79,5.27,5.13,5.14,5.44,4.82,5.55,5.83,5.47,4.44,5.69,4.93,4.52
PS,Palestinian Territories,4.70,4.75,4.65,4.84,4.72,4.70,4.91,4.63,4.55,4.48,4.55,4.52,4.48
PA,Panama,7.32,7.25,6.86,6.87,6.63,6.61,6.12,6.57,6.28,6.09,6.3,6.18,6.31
PY,Paraguay,5.84,5.68,5.82,5.94,5.12,5.56,5.80,5.71,,5.65,5.69,5.65,5.58
PE,Peru,5.61,5.89,5.82,5.78,5.87,5.58,5.70,5.71,5.68,6.00,5.8,5.84,5.56
PH,Philippines,4.94,4.99,5.00,4.98,5.31,5.55,5.43,5.59,5.87,6.27,5.08,5.88,5.9
PL,Poland,5.89,5.65,5.88,5.75,5.75,6.01,6.16,6.20,6.11,6.24,6.14,6.17,6.12
PT,Portugal,5.09,5.22,4.99,5.16,5.13,5.08,5.45,5.71,5.92,6.10,5.77,5.93,6.02
QA,Qatar,6.85,6.59,6.61,,,6.37,,,,,,,
RO,Romania,4.91,5.02,5.17,5.08,5.73,5.78,5.97,6.09,6.15,6.13,6.12,6.14,6.48
RU,Russia,5.38,5.39,5.62,5.54,6.04,6.00,5.85,5.58,5.51,5.44,5.50,5.48,5.46
RW,Rwanda,,4.10,3.33,3.47,3.60,3.48,3.33,3.11,3.56,3.27,3.31,3.41,3.27
SA,Saudi Arabia,6.31,6.70,6.40,6.50,6.28,6.35,6.47,6.29,6.36,6.56,6.56,6.49,6.52
SN,Senegal,4.37,3.83,3.67,3.65,4.39,4.62,4.59,4.68,4.77,5.49,4.98,5.13,5.05
RS,Serbia,4.46,4.82,5.15,5.10,5.11,5.32,5.75,5.12,5.94,6.24,6.04,6.08,6.18
SL,Sierra Leone,4.13,4.50,,4.51,4.50,4.91,4.73,4.09,4.31,3.45,3.93,3.85,3.57
SG,Singapore,6.53,6.56,,6.53,7.06,6.62,6.03,6.38,6.37,6.38,6.38,6.38,6.48
SK,Slovakia,6.05,5.95,5.91,5.94,6.14,6.16,5.99,6.37,6.24,6.24,6.52,6.33,6.39
SI,Slovenia,6.08,6.04,6.06,5.97,5.68,5.74,5.94,6.17,6.25,6.67,6.46,6.46,6.63
SO,Somalia,,,,,5.53,5.35,4.67,,,,,,
ZA,South Africa,4.65,4.93,5.13,3.66,4.83,4.89,4.77,4.51,4.88,5.03,4.95,4.96,5.19
KR,South Korea,6.12,6.95,6.00,5.96,5.80,5.78,5.97,5.87,5.84,5.90,5.79,5.85,5.94
SS,South Sudan,,,,,3.83,4.07,2.89,2.82,,,,,
ES,Spain,6.19,6.52,6.29,6.15,6.46,6.38,6.32,6.23,6.51,6.46,6.50,6.49,6.48
LK,Sri Lanka,3.98,4.18,4.22,4.36,4.27,4.61,,4.33,4.44,4.21,4.33,4.32,4.36
SD,Sudan,4.44,4.31,4.55,,4.14,,,,,,,,
SR,Suriname,,,6.27,,,,,,,,,,
SE,Sweden,7.50,7.38,7.56,7.43,7.24,7.29,7.37,7.29,7.37,7.40,7.31,7.36,7.38
CH,Switzerland,,,7.78,,7.49,7.57,7.46,7.47,7.51,7.69,7.51,7.57,7.51
TW,Taiwan Province of China,6.23,6.31,6.13,6.34,6.36,6.45,6.51,6.36,6.47,6.54,6.75,6.58,6.51
TJ,Tajikistan,4.38,4.26,4.50,4.97,4.90,5.12,5.10,5.83,5.50,5.46,5.37,5.47,5.38
TZ,Tanzania,3.23,4.07,4.01,3.85,3.48,3.66,2.90,3.35,3.45,3.64,3.79,3.62,3.7
TH,Thailand,6.22,6.66,6.30,6.23,6.99,6.20,6.07,5.94,6.01,6.02,5.88,5.98,5.89
TG,Togo,,2.94,,,2.84,3.77,3.88,4.36,4.02,4.18,4.19,4.11,4.11
TT,Trinidad and Tobago,,6.52,,6.17,,,,6.19,,,,,
TN,Tunisia,5.13,4.88,4.46,5.25,4.76,5.13,4.52,4.12,4.74,4.32,4.73,4.6,4.52
TR,Turkey,5.49,5.27,5.31,4.89,5.58,5.51,5.33,5.61,5.19,4.87,4.86,4.95,4.74
TM,Turkmenistan,,5.79,5.46,5.39,5.79,5.79,5.89,5.23,4.62,5.47,5.12,5.07,5.47
UG,Uganda,4.19,4.83,4.31,3.71,3.77,4.24,4.23,4.00,4.32,4.95,4.64,4.64,4.6
UA,Ukraine,5.06,5.08,5.03,4.71,4.30,3.96,4.03,4.31,4.66,4.70,5.27,4.87,5.08
AE,United Arab Emirates,7.10,7.12,7.22,6.62,6.54,6.57,6.83,7.04,6.60,6.71,6.46,6.56,6.58
GB,United Kingdom,7.03,6.87,6.88,6.92,6.76,6.52,6.82,7.10,7.23,7.16,6.80,7.06,6.94
US,United States,7.16,7.12,7.03,7.25,7.15,6.86,6.80,6.99,6.88,6.94,7.03,6.95,6.98
UY,Uruguay,6.06,6.55,6.45,6.44,6.56,6.63,6.17,6.34,6.37,6.60,6.31,6.43,6.47
UZ,Uzbekistan,5.10,5.74,6.02,5.94,6.05,5.97,5.89,6.42,6.21,6.15,6.26,6.18,6.06
VE,Venezuela,7.48,6.58,7.07,6.55,6.14,5.57,4.04,5.07,5.01,5.08,4.57,4.89,4.93
VN,Vietnam,5.30,5.77,5.53,5.02,5.08,5.08,5.06,5.18,5.30,5.47,5.35,5.41,5.49
YE,Yemen,4.35,3.75,4.06,4.22,3.97,2.98,3.83,3.25,3.06,4.20,3.53,3.66,4.2
ZM,Zambia,,5.00,5.01,5.24,4.35,4.84,4.35,3.93,4.04,3.31,4.84,4.07,3.76
ZW,Zimbabwe,4.68,4.85,4.96,4.69,4.18,3.70,3.74,3.64,3.62,2.69,3.16,3.14,3
